Day,Files,
2022-03-01,1,
2022-03-02,1,
2022-03-03,1,
2022-03-04,1,
2022-03-05,1,
2022-03-06,1,2
2022-03-07,2,
2022-03-08,2,
2022-03-09,2,
2022-03-10,2,
2022-03-11,2,
2022-03-12,2,3
2022-03-13,3,
2022-03-14,3,
2022-03-15,3,
2022-03-16,3,
2022-03-17,3,
2022-03-18,3,
2022-03-19,3,4
2022-03-20,4,
2022-03-21,4,
2022-03-22,4,
2022-03-23,4,
2022-03-24,4,
2022-03-25,4,5
2022-03-26,5,
2022-03-27,5,
2022-03-28,5,
2022-03-29,5,
2022-03-30,5,
2022-03-31,5,6
2022-04-01,6,
2022-04-02,6,
2022-04-03,6,
2022-04-04,6,
2022-04-05,6,
2022-04-06,6,
2022-04-07,6,7
2022-04-08,7,
2022-04-09,7,
2022-04-10,7,
2022-04-11,7,
2022-04-12,7,
2022-04-13,7,8
2022-04-14,8,
2022-04-15,8,
2022-04-16,8,
2022-04-17,8,
2022-04-18,8,
2022-04-19,8,9
2022-04-20,9,
2022-04-21,9,
2022-04-22,9,
2022-04-23,9,
2022-04-24,9,
2022-04-25,9,
2022-04-26,9,10
2022-04-27,10,
2022-04-28,10,
2022-04-29,10,
2022-04-30,10,
2022-05-01,10,
2022-05-02,10,11
2022-05-03,11,
2022-05-04,11,
2022-05-05,11,
2022-05-06,11,
2022-05-07,11,
2022-05-08,11,12
2022-05-09,12,
2022-05-10,12,
2022-05-11,12,
2022-05-12,12,
2022-05-13,12,
2022-05-14,12,13
2022-05-15,13,
2022-05-16,13,
2022-05-17,13,
2022-05-18,13,
2022-05-19,13,
2022-05-20,13,
2022-05-21,13,14
2022-05-22,14,
2022-05-23,14,
2022-05-24,14,
2022-05-25,14,
2022-05-26,14,
2022-05-27,14,15
2022-05-28,15,
2022-05-29,15,
2022-05-30,15,
2022-05-31,15,
2022-06-01,15,
2022-06-02,15,16
2022-06-03,16,
2022-06-04,16,
2022-06-05,16,
2022-06-06,16,
2022-06-07,16,
2022-06-08,16,
2022-06-09,16,17
2022-06-10,17,
2022-06-11,17,
2022-06-12,17,
2022-06-13,17,
2022-06-14,17,
2022-06-15,17,18
2022-06-16,18,
2022-06-17,18,
2022-06-18,18,
2022-06-19,18,
2022-06-20,18,
2022-06-21,18,19
2022-06-22,19,
2022-06-23,19,
2022-06-24,19,
2022-06-25,19,
2022-06-26,19,
2022-06-27,19,
2022-06-28,19,20
2022-06-29,20,
2022-06-30,20,
2022-07-01,20,
2022-07-02,20,
2022-07-03,20,
2022-07-04,20,21
2022-07-05,21,
2022-07-06,21,
2022-07-07,21,
2022-07-08,21,
2022-07-09,21,
2022-07-10,21,22
2022-07-11,22,
2022-07-12,22,
2022-07-13,22,
2022-07-14,22,
2022-07-15,22,
2022-07-16,22,
2022-07-17,22,23
2022-07-18,23,
2022-07-19,23,
2022-07-20,23,
2022-07-21,23,
2022-07-22,23,
2022-07-23,23,24
2022-07-24,24,
2022-07-25,24,
2022-07-26,24,
2022-07-27,24,
2022-07-28,24,
2022-07-29,24,25
2022-07-30,25,
2022-07-31,25,
2022-08-01,25,
2022-08-02,25,
2022-08-03,25,
2022-08-04,25,26
2022-08-05,26,
2022-08-06,26,
2022-08-07,26,
2022-08-08,26,
2022-08-09,26,
2022-08-10,26,
2022-08-11,26,27
2022-08-12,27,
2022-08-13,27,
2022-08-14,27,
2022-08-15,27,
2022-08-16,27,
2022-08-17,27,28
2022-08-18,28,
2022-08-19,28,
2022-08-20,28,
2022-08-21,28,
2022-08-22,28,
2022-08-23,28,29
2022-08-24,29,
2022-08-25,29,
2022-08-26,29,
2022-08-27,29,
2022-08-28,29,
2022-08-29,29,
2022-08-30,29,30
2022-08-31,30,
2022-09-01,30,
2022-09-02,30,
2022-09-03,30,
2022-09-04,30,
2022-09-05,30,31
2022-09-06,31,
2022-09-07,31,
2022-09-08,31,
2022-09-09,31,
2022-09-10,31,
2022-09-11,31,32
2022-09-12,32,
2022-09-13,32,
2022-09-14,32,
2022-09-15,32,
2022-09-16,32,
2022-09-17,32,
2022-09-18,32,33
2022-09-19,33,
2022-09-20,33,
2022-09-21,33,
2022-09-22,33,
2022-09-23,33,
2022-09-24,33,34
2022-09-25,34,
2022-09-26,34,
2022-09-27,34,
2022-09-28,34,
2022-09-29,34,
2022-09-30,34,35
2022-10-01,35,
2022-10-02,35,
2022-10-03,35,
2022-10-04,35,
2022-10-05,35,
2022-10-06,35,36
2022-10-07,36,
2022-10-08,36,
2022-10-09,36,
2022-10-10,36,
2022-10-11,36,
2022-10-12,36,
2022-10-13,36,37
2022-10-14,37,
2022-10-15,37,
2022-10-16,37,
2022-10-17,37,
2022-10-18,37,
2022-10-19,37,38
2022-10-20,38,
2022-10-21,38,
2022-10-22,38,
2022-10-23,38,
2022-10-24,38,
2022-10-25,38,39
2022-10-26,39,
2022-10-27,39,
2022-10-28,39,
2022-10-29,39,
2022-10-30,39,
2022-10-31,39,
2022-11-01,39,40
2022-11-02,40,
2022-11-03,40,
2022-11-04,40,
2022-11-05,40,
2022-11-06,40,
2022-11-07,40,41
2022-11-08,41,
2022-11-09,41,
2022-11-10,41,
2022-11-11,41,
2022-11-12,41,
2022-11-13,41,42
2022-11-14,42,
2022-11-15,42,
2022-11-16,42,
2022-11-17,42,
2022-11-18,42,
2022-11-19,42,
2022-11-20,42,43
2022-11-21,43,
2022-11-22,43,
2022-11-23,43,
2022-11-24,43,
2022-11-25,43,
2022-11-26,43,44
2022-11-27,44,
2022-11-28,44,
2022-11-29,44,
2022-11-30,44,
2022-12-01,44,
2022-12-02,44,45
2022-12-03,45,
2022-12-04,45,
2022-12-05,45,
2022-12-06,45,
2022-12-07,45,
2022-12-08,45,
2022-12-09,45,46
2022-12-10,46,
2022-12-11,46,
2022-12-12,46,
2022-12-13,46,
2022-12-14,46,
2022-12-15,46,47
2022-12-16,47,
2022-12-17,47,
2022-12-18,47,
2022-12-19,47,
2022-12-20,47,
2022-12-21,47,48
2022-12-22,48,
2022-12-23,48,
2022-12-24,48,
2022-12-25,48,
2022-12-26,48,
2022-12-27,48,
2022-12-28,48,49
2022-12-29,49,
2022-12-30,49,
2022-12-31,49,
2023-01-01,49,
2023-01-02,49,
2023-01-03,49,50
2023-01-04,50,
2023-01-05,50,
2023-01-06,50,
2023-01-07,50,
2023-01-08,50,
2023-01-09,50,51
2023-01-10,51,
2023-01-11,51,
2023-01-12,51,
2023-01-13,51,
2023-01-14,51,
2023-01-15,51,52
2023-01-16,52,
2023-01-17,52,
2023-01-18,52,
2023-01-19,52,
2023-01-20,52,
2023-01-21,52,
2023-01-22,52,53
2023-01-23,53,
2023-01-24,53,
2023-01-25,53,
2023-01-26,53,
2023-01-27,53,
2023-01-28,53,54
2023-01-29,54,
2023-01-30,54,
2023-01-31,54,
2023-02-01,54,
2023-02-02,54,
2023-02-03,54,55
2023-02-04,55,
2023-02-05,55,
2023-02-06,55,
2023-02-07,55,
2023-02-08,55,
2023-02-09,55,
2023-02-10,55,56
2023-02-11,56,
2023-02-12,56,
2023-02-13,56,
2023-02-14,56,
2023-02-15,56,
2023-02-16,56,57
2023-02-17,57,
2023-02-18,57,
2023-02-19,57,
2023-02-20,57,
2023-02-21,57,
2023-02-22,57,58
2023-02-23,58,
2023-02-24,58,
2023-02-25,58,
2023-02-26,58,
2023-02-27,58,
2023-02-28,58,
2023-03-01,58,59
2023-03-02,59,
2023-03-03,59,
2023-03-04,59,
2023-03-05,59,
2023-03-06,59,
2023-03-07,59,60
2023-03-08,60,
2023-03-09,60,
2023-03-10,60,
2023-03-11,60,
2023-03-12,60,
2023-03-13,60,61
2023-03-14,61,
2023-03-15,61,
2023-03-16,61,
2023-03-17,61,
2023-03-18,61,
2023-03-19,61,62
2023-03-20,62,
2023-03-21,62,
2023-03-22,62,
2023-03-23,62,
2023-03-24,62,
2023-03-25,62,
2023-03-26,62,63
2023-03-27,63,
2023-03-28,63,
2023-03-29,63,
2023-03-30,63,
2023-03-31,63,
2023-04-01,63,64
2023-04-02,64,
2023-04-03,64,
2023-04-04,64,
2023-04-05,64,
2023-04-06,64,
2023-04-07,64,65
2023-04-08,65,
2023-04-09,65,
2023-04-10,65,
2023-04-11,65,
2023-04-12,65,
2023-04-13,65,
2023-04-14,65,66
2023-04-15,66,
2023-04-16,66,
2023-04-17,66,
2023-04-18,66,
2023-04-19,66,
2023-04-20,66,67
2023-04-21,67,
2023-04-22,67,
2023-04-23,67,
2023-04-24,67,
2023-04-25,67,
2023-04-26,67,68
2023-04-27,68,
2023-04-28,68,
2023-04-29,68,
2023-04-30,68,
2023-05-01,68,
2023-05-02,68,69
2023-05-03,69,
2023-05-04,69,
2023-05-05,69,
2023-05-06,69,
2023-05-07,69,
2023-05-08,69,
2023-05-09,69,70
2023-05-10,70,
2023-05-11,70,
2023-05-12,70,
2023-05-13,70,
2023-05-14,70,
2023-05-15,70,71
2023-05-16,71,
2023-05-17,71,
2023-05-18,71,
2023-05-19,71,
2023-05-20,71,
2023-05-21,71,72
2023-05-22,72,
2023-05-23,72,
2023-05-24,72,
